Player_Sleeper,KTC_Value
Josh Allen,9999
Jahmyr Gibbs,9999
Jaxon Smith-Njigba,9999
Bijan Robinson,9980
Ja'Marr Chase,9237
Amon-Ra St. Brown,8137
Brock Bowers,7894
Caleb Williams,7820
Puka Nacua,7699
Lamar Jackson,7698
Trey McBride,7610
Ashton Jeanty,7580
CeeDee Lamb,7372
Justin Jefferson,7365
Jeremiyah Love,7177
Kenneth Walker,7165
Joe Burrow,7116
2027 Early 1st,7051
Drake Maye,6951
Malik Nabers,6755
Trevor Lawrence,6749
Drake London,6739
Jonathan Taylor,6735
Brock Purdy,6702
Chris Olave,6639
James Cook,6627
Patrick Mahomes,6521
Jalen Hurts,6235
Garrett Wilson,6139
Zay Flowers,6117
Omarion Hampton,6099
Tetairoa McMillan,6088
George Pickens,6072
Parker Washington,5939
Tyler Shough,5925
Jayden Daniels,5905
2027 Mid 1st,5838
Chase Brown,5819
Tyler Warren,5795
Nico Collins,5789
Christian McCaffrey,5700
DeVonta Smith,5698
Justin Herbert,5639
De'Von Achane,5601
Emeka Egbuka,5516
Jaxson Dart,5513
2028 Early 1st,5506
Breece Hall,5500
Bo Nix,5479
Ladd McConkey,5471
Dak Prescott,5407
Colston Loveland,5391
Bryce Young,5269
Fernando Mendoza,5210
Christian Watson,5113
Tee Higgins,5101
Kyren Williams,5076
Derrick Henry,5030
2027 Late 1st,5028
Saquon Barkley,4978
Javonte Williams,4965
Bucky Irving,4963
Luther Burden,4962
Carnell Tate,4955
Jordan Love,4925
TreVeyon Henderson,4910
Jadarian Price,4830
Jordyn Tyson,4798
Jaylen Waddle,4788
Cam Skattebo,4767
Quinshon Judkins,4729
Rashee Rice,4713
Tucker Kraft,4704
D'Andre Swift,4699
Jared Goff,4690
2028 Mid 1st,4661
Matthew Golden,4658
Jalen Coker,4623
2029 Early 1st,4594
A.J. Brown,4540
Harold Fannin,4532
Bhayshul Tuten,4513
Rome Odunze,4488
Denzel Boston,4482
Sam LaPorta,4467
Dalton Kincaid,4460
C.J. Stroud,4374
Sam Darnold,4294
Kenyon Sadiq,4241
Jameson Williams,4220
2028 Late 1st,4199
KC Concepcion,4149
Makai Lemon,4099
2029 Mid 1st,4082
Michael Wilson,3928
Davante Adams,3923
Isaiah Likely,3901
Chuba Hubbard,3847
2027 Early 2nd,3847
Baker Mayfield,3828
Josh Downs,3817
DJ Moore,3789
2029 Late 1st,3777
Cam Ward,3758
Travis Etienne,3657
Matthew Stafford,3636
George Kittle,3632
Jordan Addison,3601
Blake Corum,3571
Brian Thomas Jr,3540
David Montgomery,3537
2027 Mid 2nd,3535
Kyle Monangai,3529
Kyler Murray,3506
Ty Simpson,3504
Daniel Jones,3493
De'Zhaun Stribling,3459
Jonah Coleman,3455
Marvin Harrison Jr,3454
Kyle Pitts,3448
Alec Pierce,3410
Malik Willis,3353
Michael Penix Jr,3352
Jaylen Warren,3349
Mike Evans,3323
2027 Late 2nd,3278
RJ Harvey,3259
2028 Early 2nd,3252
Antonio Williams,3213
Omar Cooper Jr,3203
Ja'Kobi Lane,3200
Terry McLaurin,3199
Terrance Ferguson,3199
Zach Charbonnet,3191
Chris Bell,3183
DK Metcalf,3169
Xavier Worthy,3163
Adonai Mitchell,3147
Emmett Johnson,3146
Jacory Croskey-Merritt,3144
Kaelon Black,3144
Caleb Douglas,3140
2028 Mid 2nd,3134
Jake Ferguson,3125
Rhamondre Stevenson,3074
Jayden Higgins,3074
Malachi Fields,3064
Ollie Gordon,3035
Dontayvion Wicks,3030
Juwan Johnson,3020
2029 Early 2nd,3013
Josh Jacobs,2995
Pat Bryant,2957
Wan'Dale Robinson,2951
2028 Late 2nd,2939
Mike Washington Jr,2917
Travis Kelce,2915
Oronde Gadsden,2902
Quentin Johnston,2901
Braelon Allen,2898
Deebo Samuel,2888
Khalil Shakir,2886
Stefon Diggs,2880
Michael Pittman,2830
Woody Marks,2823
Tre Tucker,2819
J.K. Dobbins,2818
Jayden Reed,2815
Germie Bernard,2815
Devaughn Vele,2790
Brenton Strange,2767
Jonathon Brooks,2758
2029 Mid 2nd,2758
Jordan Mason,2746
Jakobi Meyers,2740
Chris Godwin,2736
Romeo Doubs,2729
Eli Stowers,2728
Malik Washington,2726
Ted Hurst,2711
Dallas Goedert,2708
Courtland Sutton,2707
Tony Pollard,2662
Aaron Jones,2654
Rico Dowdle,2654
Mark Andrews,2647
Dalton Schultz,2642
2027 Early 3rd,2641
Tre Harris,2623
Rachaad White,2618
Keaton Mitchell,2616
Nicholas Singleton,2615
Keon Coleman,2612
Tank Bigsby,2607
Tyler Allgeier,2601
2029 Late 2nd,2601
Jacoby Brissett,2600
Michael Mayer,2595
Ricky Pearsall,2585
Kayshon Boutte,2580
T.J. Hockenson,2567
Carson Beck,2564
Jalen McMillan,2563
Kenneth Gainwell,2556
AJ Barner,2551
2027 Mid 3rd,2525
Geno Smith,2507
Rashod Bateman,2478
Zachariah Branch,2470
Kirk Cousins,2454
Pat Freiermuth,2453
Jaylin Noel,2450
Tyjae Spears,2431
J.J. McCarthy,2428
Rashid Shaheed,2426
Eli Raridon,2426
Cyrus Allen,2424
Dylan Sampson,2420
2028 Early 3rd,2409
Isaac TeSlaa,2379
Brian Robinson,2377
Mac Jones,2376
Drew Allar,2363
2027 Late 3rd,2357
Elijah Sarratt,2355
MarShawn Lloyd,2347
2028 Mid 3rd,2335
Shedeur Sanders,2316
Kaytron Allen,2312
Chris Rodriguez,2309
Tank Dell,2296
Jalon Daniels,2290
Kaleb Johnson,2289
Travis Hunter,2286
2029 Early 3rd,2286
Hunter Henry,2271
Jack Bech,2270
Troy Franklin,2239
Chig Okonkwo,2233
Elic Ayomanor,2229
Roman Wilson,2218
Jaylen Wright,2216
Marcus Mariota,2212
Drew Lock,2205
Gunnar Helm,2198
Xavier Hutchinson,2185
Deshaun Watson,2170
Tory Horton,2167
Cade Otton,2160
2028 Late 3rd,2159
Kevin Coleman,2144
Kendre Miller,2130
Demond Claiborne,2130
Demario Douglas,2097
Chris Brazzell II,2084
Ryan Flournoy,2074
Elijah Arroyo,2068
Mason Taylor,2067
Jalen Nailor,2061
Cole Kmet,2055
Kyle Williams,2048
Skyler Bell,2048
Tyquan Thornton,2047
2029 Mid 3rd,2047
Max Klare,2032
Alvin Kamara,2006
Kimani Vidal,2003
Evan Engram,1995
Jaylin Lane,1993
2027 Early 4th,1989
Jalen Milroe,1989
Bryce Lance,1984
2029 Late 3rd,1977
Zavion Thomas,1974
Colby Parkinson,1966
Tez Johnson,1964
Emanuel Wilson,1960
Oscar Delp,1959
Aaron Rodgers,1957
George Holani,1956
Cade Klubnik,1955
Darnell Washington,1952
Chimere Dike,1952
Sean Tucker,1942
Tyson Bagent,1941
Adam Randall,1939
Greg Dulcich,1928
Raheim Sanders,1927
Jauan Jennings,1900
2027 Mid 4th,1899
Marvin Mims,1894
Jerry Jeudy,1886
LeQuint Allen,1876
Jordan James,1873
Xavier Legette,1863
Ray Davis,1854
Tua Tagovailoa,1846
Seth McGowan,1843
Jalen Royals,1838
David Njoku,1835
Trevor Etienne,1830
Jameis Winston,1812
Mike Gesicki,1806
Joshua Palmer,1796
Dawson Knox,1790
2028 Early 4th,1788
Anthony Richardson,1780
Isaiah Bond,1779
Theo Johnson,1757
Cooper Kupp,1745
Darnell Mooney,1740
Isaiah Davis,1738
Tyrone Tracy,1735
Carson Wentz,1733
Will Shipley,1723
2027 Late 4th,1718
Chris Brooks,1716
Darren Waller,1715
Dont'e Thornton,1706
Isiah Pacheco,1665
DJ Giddens,1662
Will Howard,1647
Brashard Smith,1640
Eli Heidenreich,1639
Keenan Allen,1638
Malik Davis,1637
Jake Tonges,1631
Barion Brown,1629
Kendrick Bourne,1626
Brenen Thompson,1625
Malik Benson,1621
2028 Mid 4th,1607
2029 Early 4th,1580
Jahan Dotson,1579
Justice Hill,1576
Trey Benson,1571
Mack Hollins,1558
Justin Fields,1547
Taylen Green,1541
Christian Kirk,1535
Devin Singletary,1526
Noah Fant,1520
Ja'Tavion Sanders,1514
Andrei Iosivas,1484
Konata Mumpfield,1478
Devontez Walker,1472
Roschon Johnson,1447
Sione Vaki,1439
Najee Harris,1438
Noah Gray,1438
2028 Late 4th,1438
Jahdae Walker,1433
Joe Milton,1431
Ben Sinnott,1431
Emari Demercado,1428
Luke Musgrave,1404
Justin Joly,1404
Garrett Nussmeier,1370
Deion Burks,1366
Savion Williams,1362
2029 Mid 4th,1361
Josh Cameron,1357
Treylon Burks,1354
Jack Strand,1354
Jordan Whittington,1353
Jalen Tolbert,1352
Matthew Hibner,1344
Quinn Ewers,1342
Tutu Atwell,1321
Tahj Brooks,1319
Zach Ertz,1318
Colbie Young,1314
John Metchie,1311
Riley Leonard,1305
Luke McCaffrey,1302
Marlin Klein,1300
Charlie Kolar,1290
Erick All,1290
Jarquez Hunter,1279
Kalif Raymond,1269
Tommy Tremble,1264
Calvin Ridley,1258
Cedric Tillman,1251
Tyler Higbee,1249
Jordan Watkins,1241
Jaydon Blue,1237
Dyami Brown,1230
James Conner,1226
Olamide Zaccheaus,1225
Kameron Johnson,1222
Trey Palmer,1218
Ty Johnson,1213
2029 Late 4th,1213
Tai Felton,1211
Spencer Rattler,1207
KeAndre Lambert-Smith,1200
Jacob Saylors,1198
Audric Estime,1196
Jacob Cowing,1191
Cade Stover,1190
Dillon Gabriel,1187
Malachi Corley,1182
Isaac Guerendo,1174
Daniel Bellinger,1173
Jack Endries,1169
J'Mari Taylor,1167
CJ Daniels,1157
Jimmy Horn,1148
Hollywood Brown,1127
Mitchell Evans,1113
Greg Dortch,1107
Samaje Perine,1104
Rasheen Ali,1103
Skyy Moore,1101
Tyler Huntley,1097
Calvin Austin,1097
Jonathan Mingo,1091
Elijah Moore,1083
Jaleel McLaughlin,1079
Davis Mills,1073
Sam Roush,1069
Jalin Hyatt,1060
Michael Trigg,1056
Jonnu Smith,1053
Tanner Koziol,1030
Devin Neal,1013
Xavier Restrepo,989
Luke Schoonmaker,984
Demarcus Robinson,970
KaVontae Turpin,967
Efton Chism,959
Tyreek Hill,943
Gabriel Davis,933
Tyler Badie,930
Tyler Goodson,928
Will Kacmarek,927
Frank Gore Jr,924
Darius Slayton,916
Elijah Higgins,916
Cody White,902
David Bell,901
Sam Howell,892
Davis Allen,879
Bo Melton,875
Tanner McKee,870
Kalel Mullings,869
Jerome Ford,857
Trey Lance,855
Bam Knight,855
Gardner Minshew,853
Dameon Pierce,851
Javon Baker,851
Brevin Jordan,849
Jared Wiley,845
Khalil Herbert,835
Mason Tipton,835
AJ Dillon,821
Le'Veon Moss,818
Israel Abanikanda,814
Phil Mafah,812
Kyle McCord,809
Xavier Gipson,806
Kenny Pickett,805
Reggie Virgil,804
Kendall Milton,800
Michael Carter,798
Stetson Bennett,798
Brock Wright,794
Nick Westbrook-Ikhine,783
Arian Smith,778
Joe Flacco,773
Cole Payton,670
Isaiah Hodgins,669
Will Levis,636
Dohnte Meyers,610
Tyrell Shavers,595
LaJohntay Wester,576
Lil'Jordan Humphrey,562
Brandon Aiyuk,562
Jeremy Ruckert,552
Jake Bobo,550
Foster Moreau,546
Damien Martinez,539
Julius Chestnut,534
Dylan Laube,527
Tahj Washington,500
Adam Trautman,497
Bub Means,493
Malik Heath,489
Jam Miller,488
Johnny Wilson,485
Jawhar Jordan,481
Derius Davis,480
Zavier Scott,479
Donovan Edwards,474
Aidan O'Connell,473
Devin Duvernay,463
Ja'Lynn Polk,463
Josh Oliver,457
Austin Ekeler,251
